Workbook

Sheet Cover page
B2: BỘ TEST CASE – PHẦN MỀM TÍNH TIỀN DẠY CHO GIÁO VIÊN
B3: Học phần: Đánh giá và Kiểm định Chất lượng Phần mềm
B4: Lớp N01 – Nhóm 11 | GVHD: TS. Mai Thúy Nga
B6: Phiên bản: 2.0 (hoàn chỉnh)
B7: Ngày cập nhật: 20/06/2025
B8: Tác giả: Võ Đinh Thiên Hoàng (Test Designer/Tester)
B9: Reviewed by: Quách Đức Huy
B11: Danh sách các sheet:
B12: • Functional (Positive): 25 TC luồng chính (happy-path)
B13: • Validation & Negative: 79 TC ràng buộc & ngoại lệ (đã bổ sung UC1.4, UC2.5; vá lỗi đánh số)
B14: • Verify công thức tính tiền: 6 ca kiểm chứng phép tính (3 ca số liệu thật)
B15: • Security Test Cases: 10 TC bảo mật
... B21: Nhóm cần chạy thật trên ứng dụng, đính kèm ảnh chụp/log làm minh chứng và cập nhật lại nếu khác.

Sheet Glossary
B2: THUẬT NGỮ & TỪ VIẾT TẮT
B4: Từ viết tắt / Thuật ngữ | C4: Ý nghĩa
B5: TC | C5: Test Case – Trường hợp kiểm thử
B6: UC | C6: Use Case – Trường hợp sử dụng
B7: QA | C7: Quality Assurance – Đảm bảo chất lượng
B8: CSDL | C8: Cơ sở dữ liệu
B9: GV | C9: Giáo viên / Giảng viên
B10: SV | C10: Sinh viên
B11: HP | C11: Học phần
B12: Hệ số bằng cấp | C12: Hệ số nhân theo trình độ (TS, ThS, KS, CN…)
B13: Hệ số lớp | C13: Hệ số điều chỉnh theo sĩ số lớp học phần
B14: Tiết quy đổi | C14: Số tiết = Số tiết thực × (Hệ số HP + Hệ số lớp)
B15: Định mức | C15: Số tiền cho 1 tiết dạy chuẩn theo năm học
... B17: Regression | C17: Kiểm thử hồi quy sau khi sửa lỗi

Sheet Dashboard
B2: DASHBOARD TỔNG HỢP KẾT QUẢ KIỂM THỬ
B4: Nhóm test case | C4: Tổng TC | D4: Passed | E4: Failed | F4: Chưa thực thi
B5: Functional (Positive) | C5: =COUNTA('Functional (Positive)'!$C$8:$C$500) -> 25 | D5: =COUNTIF('Functional (Positive)'!$G$8:$G$500,"Passed") -> 25 | E5: =COUNTIF('Functional (Positive)'!$G$8:$G$500,"Failed") -> 0 | F5: =COUNTIF('Functional (Positive)'!$G$8:$G$500,"Chưa thực thi") -> 0
B6: Validation & Negative | C6: =COUNTA('Validation & Negative'!$C$8:$C$500) -> 79 | D6: =COUNTIF('Validation & Negative'!$G$8:$G$500,"Passed") -> 78 | E6: =COUNTIF('Validation & Negative'!$G$8:$G$500,"Failed") -> 1 | F6: =COUNTIF('Validation & Negative'!$G$8:$G$500,"Chưa thực thi") -> 0
B7: Security Test Cases | C7: =COUNTA('Security Test Cases'!$C$8:$C$500) -> 10 | D7: =COUNTIF('Security Test Cases'!$G$8:$G$500,"Passed") -> 0 | E7: =COUNTIF('Security Test Cases'!$G$8:$G$500,"Failed") -> 0 | F7: =COUNTIF('Security Test Cases'!$G$8:$G$500,"Chưa thực thi") -> 10
B8: Performance & Compatibility | C8: =COUNTA('Performance & Compatibility'!$C$8:$C$500) -> 8 | D8: =COUNTIF('Performance & Compatibility'!$G$8:$G$500,"Passed") -> 0 | E8: =COUNTIF('Performance & Compatibility'!$G$8:$G$500,"Failed") -> 0 | F8: =COUNTIF('Performance & Compatibility'!$G$8:$G$500,"Chưa thực thi") -> 8
B9: Verify công thức tính tiền | C9: 6 | D9: 3 | E9: 0 | F9: 3
B10: TỔNG CỘNG | C10: =SUM(C5:C9) -> 128 | D10: =SUM(D5:D9) -> 106 | E10: =SUM(E5:E9) -> 1 | F10: =SUM(F5:F9) -> 21
B12: Ghi chú: Passed = kết quả kỳ vọng (cần chạy thật để xác nhận & đính kèm minh chứng). Failed hiện có: TC008.

Sheet Functional (Positive)
A1: FUNCTIONAL (POSITIVE)
A2: Kiểm thử luồng chính (happy-path) cho toàn bộ chức năng. Trạng thái = kết quả kỳ vọng; tester chạy thật và đính kèm minh chứng.
A4: Passed: | B4: =COUNTIF($G$8:$G$500,"Passed") -> 25 | D4: Tổng số TC: | E4: =COUNTA($C$8:$C$500) -> 25
A5: Failed: | B5: =COUNTIF($G$8:$G$500,"Failed") -> 0
A6: Chưa thực thi: | B6: =COUNTIF($G$8:$G$500,"Chưa thực thi") -> 0
A7: STT | B7: Nhóm / UC | C7: Mã TC | D7: Mô tả test case | E7: Các bước thực hiện | F7: Kết quả mong đợi | G7: Trạng thái
A8: 1 | B8: UC1.1 Bằng cấp | C8: FUNC001 | D8: Thêm bằng cấp mới hợp lệ | E8: 1. Vào Quản lý bằng cấp → Thêm bằng cấp 2. Nhập Tên đầy đủ='Tiến sĩ', Tên viết tắt='TS' 3. Nhấn Lưu | F8: Bằng cấp 'Tiến sĩ (TS)' xuất hiện trong danh sách; thông báo lưu thành công | G8: Passed
A9: 2 | B9: UC1.1 Bằng cấp | C9: FUNC002 | D9: Sửa bằng cấp hợp lệ | E9: 1. Chọn bằng cấp → Sửa 2. Đổi tên viết tắt thành 'ThS' 3. Nhấn Cập nhật | F9: Thông tin được cập nhật và hiển thị đúng trong danh sách | G9: Passed
A10: 3 | B10: UC1.1 Bằng cấp | C10: FUNC003 | D10: Xoá bằng cấp không bị liên kết | E10: 1. Chọn bằng cấp chưa gán cho giáo viên 2. Nhấn Xoá → Xác nhận | F10: Bằng cấp bị xoá khỏi danh sách | G10: Passed
A11: 4 | B11: UC1.1 Bằng cấp | C11: FUNC004 | D11: Tìm kiếm bằng cấp có kết quả | E11: 1. Nhập 'TS' vào ô tìm kiếm 2. Nhấn Tìm kiếm | F11: Danh sách lọc hiển thị đúng bằng cấp khớp từ khoá | G11: Passed
A12: 5 | B12: UC1.2 Khoa | C12: FUNC005 | D12: Thêm khoa mới hợp lệ | E12: 1. Quản lý khoa → Thêm khoa 2. Nhập Tên='Khoa CNTT', Viết tắt='CNTT', Mô tả 3. Nhấn Lưu | F12: Khoa mới xuất hiện trong danh sách | G12: Passed
A13: 6 | B13: UC1.2 Khoa | C13: FUNC006 | D13: Sửa khoa hợp lệ | E13: 1. Chọn khoa → Sửa → đổi mô tả 2. Nhấn Cập nhật | F13: Khoa được cập nhật đúng | G13: Passed
A14: 7 | B14: UC1.3 Giáo viên | C14: FUNC007 | D14: Thêm giáo viên hợp lệ, mã tự sinh | E14: 1. Thêm giáo viên 2. Nhập họ tên, ngày sinh (trong 22–70 tuổi), email/SĐT hợp lệ 3. Chọn khoa, bằng cấp → Lưu | F14: Giáo viên được thêm; mã tự sinh đúng định dạng GV0001 | G14: Passed
A15: 8 | B15: UC1.3 Giáo viên | C15: FUNC008 | D15: Sửa giáo viên hợp lệ | E15: 1. Chọn giáo viên → Sửa → đổi email 2. Nhấn Cập nhật | F15: Dữ liệu giáo viên cập nhật đúng | G15: Passed
A16: 9 | B16: UC1.3 Giáo viên | C16: FUNC009 | D16: Xoá giáo viên hợp lệ | E16: 1. Chọn giáo viên không có phân công 2. Nhấn Xoá → Xác nhận | F16: Giáo viên bị xoá khỏi danh sách | G16: Passed
A17: 10 | B17: UC1.3 Giáo viên | C17: FUNC010 | D17: Tìm kiếm giáo viên theo tên | E17: 1. Nhập tên giáo viên 2. Nhấn Tìm kiếm | F17: Hiển thị đúng giáo viên khớp tên | G17: Passed
A18: 11 | B18: UC1.4 Thống kê GV | C18: FUNC011 | D18: Thống kê giáo viên theo khoa (có dữ liệu) | E18: 1. Vào Thống kê giáo viên 2. Chọn lọc theo 1 khoa có giáo viên | F18: Hiển thị đúng danh sách & tổng số giáo viên của khoa | G18: Passed
A19: 12 | B19: UC2.1 Học phần | C19: FUNC012 | D19: Thêm học phần hợp lệ | E19: 1. Thêm học phần 2. Nhập mã='CNTT101', tên, số tín chỉ=3, hệ số=1, số tiết=45 3. Lưu | F19: Học phần được thêm, tổng số học phần/tiết cập nhật | G19: Passed
... A32: 25 | B32: UC4.3 Báo cáo | C32: FUNC025 | D32: Báo cáo tiền dạy toàn trường | E32: 1. Báo cáo → Báo cáo toàn trường, chọn năm có dữ liệu 2. Tạo báo cáo | F32: Thống kê theo khoa, tổng tiền từng khoa và toàn trường hiển thị đúng | G32: Passed

Sheet Validation & Negative
A1: VALIDATION & NEGATIVE
A2: Kiểm thử ràng buộc & luồng ngoại lệ (79 TC). TC008 là lỗi đã phát hiện. Các TC khác = kết quả kỳ vọng, cần chạy lại xác nhận.
A4: Passed: | B4: =COUNTIF($G$8:$G$500,"Passed") -> 78 | D4: Tổng số TC: | E4: =COUNTA($C$8:$C$500) -> 79
A5: Failed: | B5: =COUNTIF($G$8:$G$500,"Failed") -> 1
A6: Chưa thực thi: | B6: =COUNTIF($G$8:$G$500,"Chưa thực thi") -> 0
A7: STT | B7: Nhóm / UC | C7: Mã TC | D7: Mô tả test case | E7: Các bước thực hiện | F7: Kết quả mong đợi | G7: Trạng thái
A8: 1 | B8: UC1.1 Bằng cấp | C8: TC001 | D8: Thiếu thông tin bắt buộc khi thêm | E8: 1. Bỏ trống Tên đầy đủ/viết tắt 2. Nhấn Lưu | F8: Thông báo: 'Vui lòng nhập đầy đủ thông tin bắt buộc.' | G8: Passed
A9: 2 | B9: UC1.1 Bằng cấp | C9: TC002 | D9: Tên viết tắt bị trùng khi thêm | E9: 1. Nhập tên viết tắt đã tồn tại 2. Nhấn Lưu | F9: 'Tên viết tắt đã tồn tại. Vui lòng nhập tên khác.' | G9: Passed
A10: 3 | B10: UC1.1 Bằng cấp | C10: TC003 | D10: Lỗi hệ thống khi lưu | E10: 1. Nhập hợp lệ, mô phỏng lỗi CSDL 2. Nhấn Lưu | F10: 'Có lỗi xảy ra trong quá trình lưu dữ liệu.' | G10: Passed
A11: 4 | B11: UC1.1 Bằng cấp | C11: TC004 | D11: Sửa với ID không tồn tại | E11: 1. Gọi sửa với ID không hợp lệ | F11: 'Không tìm thấy bằng cấp.' | G11: Passed
A12: 5 | B12: UC1.1 Bằng cấp | C12: TC005 | D12: Sửa với tên viết tắt trùng | E12: 1. Đổi tên viết tắt trùng bản ghi khác 2. Cập nhật | F12: 'Tên viết tắt đã tồn tại.' | G12: Passed
A13: 6 | B13: UC1.1 Bằng cấp | C13: TC006 | D13: Không có thay đổi khi sửa | E13: 1. Mở sửa, không đổi gì 2. Cập nhật | F13: 'Không có thay đổi để cập nhật.' | G13: Passed
A14: 7 | B14: UC1.1 Bằng cấp | C14: TC007 | D14: Xoá bằng cấp đang được sử dụng | E14: 1. Xoá bằng cấp đã gán cho giáo viên | F14: 'Không thể xoá bằng cấp đang được sử dụng.' | G14: Passed
A15: 8 | B15: UC1.1 Bằng cấp | C15: TC008 | D15: Huỷ xác nhận xoá | E15: 1. Nhấn Xoá → Nhấn Huỷ tại hộp thoại | F15: Thao tác xoá bị huỷ, dữ liệu không đổi | G15: Failed
A16: 9 | B16: UC1.1 Bằng cấp | C16: TC009 | D16: Lỗi hệ thống khi xoá | E16: 1. Nhấn Xoá, mô phỏng lỗi CSDL | F16: 'Có lỗi xảy ra khi xoá bằng cấp.' | G16: Passed
A17: 10 | B17: UC1.1 Bằng cấp | C17: TC010 | D17: Không nhập tiêu chí tìm kiếm | E17: 1. Để trống ô tìm kiếm 2. Nhấn Tìm | F17: 'Vui lòng nhập tiêu chí tìm kiếm.' | G17: Passed
A18: 11 | B18: UC1.1 Bằng cấp | C18: TC011 | D18: Tìm kiếm không có kết quả | E18: 1. Nhập từ khoá không khớp | F18: 'Không có dữ liệu phù hợp.' | G18: Passed
A19: 12 | B19: UC1.1 Bằng cấp | C19: TC012 | D19: Lỗi hệ thống khi tìm kiếm | E19: 1. Mô phỏng lỗi truy vấn | F19: 'Đã xảy ra lỗi khi tìm kiếm.' | G19: Passed
... A86: 79 | B86: UC4.3 Báo cáo trường | C86: TC079 | D86: Báo cáo toàn trường thiếu dữ liệu lớp/phân công | E86: 1. Chọn năm chưa có lớp/phân công | F86: 'Thiếu dữ liệu lớp học phần hoặc phân công giảng viên.' | G86: Passed

Sheet Verify công thức tính tiền
A1: KIỂM CHỨNG CÔNG THỨC TÍNH TIỀN DẠY
A2: Công thức: Tiết quy đổi = Số tiết × (Hệ số HP + Hệ số lớp); Thành tiền = Tiết quy đổi × Định mức × Hệ số bằng cấp
A3: Cột 'Thành tiền (công thức)' và 'Tiết quy đổi' do Excel tự tính. Cột 'Khớp?' so sánh với số hệ thống hiển thị. 3 ca đầu lấy số liệu thật từ báo cáo của nhóm.
A5: Mã TC | B5: Giáo viên / Lớp | C5: Số tiết | D5: Hệ số HP | E5: Hệ số lớp | F5: Định mức (đ) | G5: Hệ số bằng cấp | H5: Tiết quy đổi | I5: Thành tiền (công thức) | J5: Số hệ thống hiển thị | K5: Khớp?
A6: CALC001 | B6: Bùi Thị Hoa – Mạch điện tử (L53) | C6: 45 | D6: 1 | E6: -0.1 | F6: 143000 | G6: 2 | H6: =C6*(D6+E6) -> 40.5 | I6: =H6*F6*G6 -> 11583000 | J6: 11583000 | K6: =IF(I6=J6,"KHOP","LECH") -> KHOP
A7: CALC002 | B7: Bùi Thị Hoa – Cấu trúc DL (L02) | C7: 60 | D7: 1.2 | E7: -0.1 | F7: 143000 | G7: 2 | H7: =C7*(D7+E7) -> 66 | I7: =H7*F7*G7 -> 18876000 | J7: 18876000 | K7: =IF(I7=J7,"KHOP","LECH") -> KHOP
A8: CALC003 | B8: Trần Thị Bình – CNTT201 (L01) | C8: 45 | D8: 1 | E8: 0 | F8: 143000 | G8: 2 | H8: =C8*(D8+E8) -> 45 | I8: =H8*F8*G8 -> 12870000 | J8: 12870000 | K8: =IF(I8=J8,"KHOP","LECH") -> KHOP
A9: CALC004 | B9: Lớp chuẩn 40–47 SV (hệ số 0) | C9: 50 | D9: 1 | E9: 0 | F9: 143000 | G9: 1.5 | H9: =C9*(D9+E9) -> 50 | I9: =H9*F9*G9 -> 10725000 | J9: (tester điền) | K9: (điền sau khi chạy)
A10: CALC005 | B10: Lớp nhỏ 20–27 SV (hệ số -0.2) | C10: 45 | D10: 1 | E10: -0.2 | F10: 150000 | G10: 2 | H10: =C10*(D10+E10) -> 36 | I10: =H10*F10*G10 -> 10800000 | J10: (tester điền) | K10: (điền sau khi chạy)
A11: CALC006 | B11: Lớp lớn 60–68 SV (hệ số +0.2) | C11: 60 | D11: 1.2 | E11: 0.2 | F11: 143000 | G11: 2.5 | H11: =C11*(D11+E11) -> 84 | I11: =H11*F11*G11 -> 30030000 | J11: (tester điền) | K11: (điền sau khi chạy)

Sheet Security Test Cases
A1: SECURITY TEST CASES
A2: Kiểm thử bảo mật. Phần lớn cần chạy thật → trạng thái 'Chưa thực thi'. SEC005 ghi nhận hạn chế chưa có xác thực.
A4: Passed: | B4: =COUNTIF($G$8:$G$500,"Passed") -> 0 | D4: Tổng số TC: | E4: =COUNTA($C$8:$C$500) -> 10
A5: Failed: | B5: =COUNTIF($G$8:$G$500,"Failed") -> 0
A6: Chưa thực thi: | B6: =COUNTIF($G$8:$G$500,"Chưa thực thi") -> 10
A7: STT | B7: Nhóm / UC | C7: Mã TC | D7: Mô tả test case | E7: Các bước thực hiện | F7: Kết quả mong đợi | G7: Trạng thái
A8: 1 | B8: Input Validation | C8: SEC001 | D8: SQL Injection ở ô tìm kiếm | E8: 1. Nhập ' OR '1'='1 vào ô tìm kiếm giáo viên 2. Gửi truy vấn | F8: Hệ thống không trả về toàn bộ bản ghi; truy vấn dùng tham số hoá (Prisma) nên vô hiệu hoá injection | G8: Chưa thực thi
A9: 2 | B9: Input Validation | C9: SEC002 | D9: XSS lưu trữ ở trường văn bản | E9: 1. Nhập <script>alert(1)</script> vào tên/mô tả 2. Lưu và mở lại | F9: Chuỗi được escape, không thực thi script khi render | G9: Chưa thực thi
A10: 3 | B10: Input Validation | C10: SEC003 | D10: Vượt giới hạn độ dài đầu vào | E10: 1. Nhập chuỗi rất dài (>5000 ký tự) vào trường tên | F10: Hệ thống từ chối/cắt và báo lỗi, không crash | G10: Chưa thực thi
A11: 4 | B11: Access Control | C11: SEC004 | D11: Truy cập API không qua giao diện | E11: 1. Gọi trực tiếp /api/teachers bằng phương thức POST/DELETE từ công cụ ngoài | F11: Hệ thống xử lý hợp lệ; (khuyến nghị) yêu cầu xác thực khi triển khai thật | G11: Chưa thực thi
A12: 5 | B12: Access Control | C12: SEC005 | D12: Truy cập trang quản trị khi chưa đăng nhập | E12: 1. Mở URL chức năng quản trị ở phiên ẩn danh | F12: (Hạn chế hiện tại: chưa có auth) – ghi nhận là rủi ro, đề xuất NextAuth.js | G12: Chưa thực thi
A13: 6 | B13: Data Integrity | C13: SEC006 | D13: Sửa tham số ID trên URL/Request | E13: 1. Đổi id trong request cập nhật sang bản ghi khác | F13: Chỉ bản ghi hợp lệ bị ảnh hưởng; ID không tồn tại bị từ chối | G13: Chưa thực thi
A14: 7 | B14: Data Integrity | C14: SEC007 | D14: Tính toàn vẹn tham chiếu khi xoá | E14: 1. Thử xoá khoa/bằng cấp/học phần đang được tham chiếu | F14: Hệ thống chặn xoá và báo ràng buộc khoá ngoại | G14: Chưa thực thi
A15: 8 | B15: Validation | C15: SEC008 | D15: Giá trị số âm/biên ở hệ số & định mức | E15: 1. Nhập hệ số âm, định mức âm, số tiết âm | F15: Hệ thống từ chối, báo 'không hợp lệ' | G15: Chưa thực thi
A16: 9 | B16: Validation | C16: SEC009 | D16: Chèn ký tự đặc biệt vào email/SĐT | E16: 1. Nhập email/SĐT chứa ký tự lạ | F16: Báo định dạng không hợp lệ, không lưu | G16: Chưa thực thi
A17: 10 | B17: Session/Transport | C17: SEC010 | D17: Kiểm tra lộ thông tin nhạy cảm | E17: 1. Quan sát response API có lộ dữ liệu thừa/không cần thiết | F17: Response chỉ trả về trường cần thiết; (khuyến nghị HTTPS khi deploy) | G17: Chưa thực thi

Sheet Performance & Compatibility
A1: PERFORMANCE & COMPATIBILITY
A2: Kiểm thử hiệu năng (Lighthouse) và tương thích trình duyệt. Điền điểm số thực tế sau khi đo.
A4: Passed: | B4: =COUNTIF($G$8:$G$500,"Passed") -> 0 | D4: Tổng số TC: | E4: =COUNTA($C$8:$C$500) -> 8
A5: Failed: | B5: =COUNTIF($G$8:$G$500,"Failed") -> 0
A6: Chưa thực thi: | B6: =COUNTIF($G$8:$G$500,"Chưa thực thi") -> 8
A7: STT | B7: Nhóm / UC | C7: Mã TC | D7: Mô tả test case | E7: Các bước thực hiện | F7: Kết quả mong đợi | G7: Trạng thái
A8: 1 | B8: Performance (Lighthouse) | C8: PERF001 | D8: Điểm Performance trang danh sách GV | E8: 1. Mở DevTools → Lighthouse → Analyze trang /teachers | F8: Performance ≥ 80 (mục tiêu) — đo và ghi nhận điểm thực tế | G8: Chưa thực thi
A9: 2 | B9: Performance (Lighthouse) | C9: PERF002 | D9: Điểm Accessibility | E9: 1. Chạy Lighthouse cho các trang chính | F9: Accessibility ≥ 90 (mục tiêu) | G9: Chưa thực thi
A10: 3 | B10: Performance (Lighthouse) | C10: PERF003 | D10: Best Practices | E10: 1. Chạy Lighthouse | F10: Best Practices ≥ 90 (mục tiêu) | G10: Chưa thực thi
A11: 4 | B11: Performance (Lighthouse) | C11: PERF004 | D11: SEO | E11: 1. Chạy Lighthouse | F11: SEO ≥ 80 (mục tiêu) | G11: Chưa thực thi
A12: 5 | B12: Performance (Tải dữ liệu) | C12: PERF005 | D12: Thời gian phản hồi tính tiền dạy | E12: 1. Tính tiền cho GV có nhiều lớp 2. Đo thời gian phản hồi API | F12: Phản hồi < 2 giây với dữ liệu mẫu | G12: Chưa thực thi
A13: 6 | B13: Compatibility | C13: COMPAT001 | D13: Hiển thị & chức năng trên Chrome | E13: 1. Chạy bộ chức năng chính trên Chrome bản mới | F13: Hiển thị đúng, không lỗi layout/chức năng | G13: Chưa thực thi
A14: 7 | B14: Compatibility | C14: COMPAT002 | D14: Trên Microsoft Edge | E14: 1. Chạy bộ chức năng chính trên Edge | F14: Hiển thị đúng, không lỗi | G14: Chưa thực thi
A15: 8 | B15: Compatibility | C15: COMPAT003 | D15: Trên Firefox | E15: 1. Chạy bộ chức năng chính trên Firefox | F15: Hiển thị đúng, không lỗi | G15: Chưa thực thi
